date,1,2,3,4,5,6,7,8,9,10,11,12,13,14,15,16,17,18,19,20
2021年02月20日 02:11:09,TVアニメ,当落,YouTube,MixChannel,感動,ダウンロード,リアルタイム,アルバム,バーチャル背景,描き下ろし,バレンタイン,amazonギフト券,clubhouse,Nintendo Switch,modecon,Blu-ray,総選挙,結婚,原作者,質問箱
2021年02月20日 04:44:56,YouTube,MixChannel,感動,当落,amazonギフト券,ダウンロード,modecon,アルバム,バレンタイン,寝落ち,TVアニメ,clubhouse,ワクチン,結婚,バーチャル背景,Nintendo Switch,Amazon,リアルタイム,質問箱,PlayStation 4
2021年02月20日 04:45:56,YouTube,MixChannel,感動,当落,amazonギフト券,ダウンロード,modecon,アルバム,バレンタイン,寝落ち,TVアニメ,clubhouse,ワクチン,結婚,バーチャル背景,Nintendo Switch,Amazon,リアルタイム,質問箱,PlayStation 4
2021年02月20日 05:50:03,MixChannel,modecon,YouTube,感動,amazonギフト券,ダウンロード,当落,バーチャル背景,バレンタイン,寝落ち,ワクチン,アルバム,Amazon,結婚,clubhouse,TVアニメ,地震,質問箱,Nintendo Switch,ゲリラ
2021年02月20日 06:50:04,YouTube,MixChannel,感動,ダウンロード,当落,amazonギフト券,バーチャル背景,modecon,ワクチン,寝落ち,結婚,バレンタイン,clubhouse,Amazon,自由民主党,アルバム,花粉,地震,選挙,TVアニメ
2021年02月20日 07:50:04,YouTube,MixChannel,当落,17 Live,ダウンロード,amazonギフト券,感動,バーチャル背景,ワクチン,花粉,自由民主党,寝落ち,clubhouse,バレンタイン,結婚,Amazon,マスク,アルバム,選挙,地震
2021年02月20日 08:50:05,当落,YouTube,感動,花粉,ワクチン,ダウンロード,amazonギフト券,MixChannel,バーチャル背景,Instagram,17 Live,マスク,寝落ち,バレンタイン,結婚,自由民主党,Amazon,アルバム,東京新聞,地震
2021年02月20日 09:50:06,当落,Instagram,バク転,YouTube,感動,花粉,MixChannel,ワクチン,東京新聞,amazonギフト券,ダウンロード,バレンタイン,マスク,バーチャル背景,modecon,結婚,clubhouse,Amazon,寝落ち,自由民主党
2021年02月20日 10:50:06,YouTube,感動,花粉,MixChannel,当落,amazonギフト券,ワクチン,バレンタイン,マスク,バク転,Instagram,ダウンロード,modecon,東京新聞,結婚,Amazon,clubhouse,バーチャル背景,質問箱,アルバム
2021年02月20日 11:50:07,当落,Instagram,YouTube,MixChannel,感動,amazonギフト券,花粉,アドバイス,ワクチン,マスク,modecon,バレンタイン,Nintendo Switch,東京新聞,ダウンロード,Amazon,バク転,リアルタイム,質問箱,結婚
2021年02月20日 12:50:08,ラストチャンス,当落,Instagram,YouTube,感動,MixChannel,花粉,amazonギフト券,ワクチン,マスク,バレンタイン,modecon,アドバイス,結婚,Amazon,質問箱,ダウンロード,Nintendo Switch,clubhouse,コロナ禍
2021年02月20日 13:50:08,ラストチャンス,感動,Blu-ray,感謝祭,amazonギフト券,YouTube,当落,Instagram,MixChannel,花粉,jーcoin pay,クランクアップ,modecon,昼ごはん,アノニマス,バレンタイン,スバル,マスク,エコバッグ,ワクチン
